customer_id,customer_name,email,phone,date_of_birth,signup_date,city,,
C0001,Krishna Sharma,krishna.sharma760@example.com,-7901242007,12/18/1996,9/23/2024,Mumbai,,
C0002,Sai Das,sai.das433@example.com,-7104113814,1/18/1994,7/18/2024,Mumbai,,
C0003,Saanvi Ahuja,saanvi.ahuja666@example.com,-9298181335,1/25/1983,1/1/2025,Mumbai,,
C0004,Ananya Ahuja,ananya.ahuja433@example.com,-8114946330,2/3/1985,8/19/2024,Mumbai,,
C0005,Rahul Reddy,rahul.reddy368@example.com,-9777054991,8/18/1998,4/6/2025,Delhi,,
C0006,Krishna Kulkarni,krishna.kulkarni81@example.com,-8808948336,2/2/1997,7/30/2025,Delhi,,
C0007,Myra Rao,myra.rao82@example.com,-9802740421,3/12/1986,2/8/2025,Hyderabad,,
C0008,Kavya Gupta,kavya.gupta687@example.com,-7874899502,9/24/1980,4/28/2025,Bengaluru,,
C0009,Anika Iyer,anika.iyer474@example.com,-8243345291,1/8/1985,9/17/2025,Pune,,
C0010,Aditya Menon,aditya.menon411@example.com,-7877318584,4/21/1985,9/17/2024,Pune,,
C0011,Zara Kulkarni,zara.kulkarni906@example.com,-9996794168,12/18/1982,1/21/2025,Mumbai,,
C0012,Isha Shah,isha.shah765@example.com,-8915566064,9/16/1979,9/3/2025,Delhi,,
C0013,Sai Verma,sai.verma882@example.com,-7359229942,10/3/1988,4/18/2025,Mumbai,,
C0014,Rahul Kulkarni,rahul.kulkarni611@example.com,-8533779261,11/24/1975,10/7/2024,Pune,,
C0015,Krishna Kaur,krishna.kaur907@example.com,-7874899502,7/6/1984,6/29/2025,Chennai,,
C0016,Ayaan Sharma,ayaan.sharma977@example.com,-9366144431,11/10/1978,2/12/2025,Mumbai,,
C0017,Aisha Bose,aisha.bose204@example.com,-7500858918,9/1/1999,6/26/2025,Mumbai,,
C0018,Manish Menon,manish.menon501@example.com,-7063824571,10/3/1982,9/19/2025,Delhi,,
C0019,Sai Malhotra,sai.malhotra498@example.com,-9673918980,11/16/1979,6/25/2025,Pune,,
C0020,Nisha Iyer,nisha.iyer272@example.com,-8729089416,12/23/1999,1/3/2025,Mumbai,,
C0021,Saanvi Ahuja,saanvi.ahuja320@example.com,-8307497948,8/4/1991,4/29/2025,Delhi,,
C0022,Anika Mehta,anika.mehta66@example.com,-8107812666,1/3/1982,3/29/2025,Pune,,
C0023,Vihaan Mehta,vihaan.mehta70@example.com,-9966814026,4/18/1990,12/7/2024,Mumbai,,
C0024,Ishaan Malhotra,ishaan.malhotra958@example.com,-9891384756,7/7/1990,3/23/2025,Hyderabad,,
C0025,Reyansh Reddy,reyansh.reddy675@example.com,-8412456347,1/22/1998,1/3/2025,Hyderabad,,
C0026,Reyansh Verma,reyansh.verma413@example.com,-9386254382,8/5/1992,7/15/2025,Mumbai,,
C0027,Varun Iyer,varun.iyer286@example.com,-8515942651,9/4/2002,8/22/2025,Hyderabad,,
C0028,Vihaan Singh,vihaan.singh554@example.com,-9739411843,8/7/1990,7/18/2024,Mumbai,,
C0029,Karan Verma,karan.verma169@example.com,-8241810191,8/10/2000,12/17/2024,Delhi,,
C0030,Varun Ahuja,varun.ahuja981@example.com,-7874899502,5/7/1981,5/5/2025,Chennai,,
C0031,Vihaan Das,vihaan.das754@example.com,-8776617898,8/17/1993,6/18/2025,Delhi,,
C0032,Tara Iyer,tara.iyer59@example.com,-7874899502,7/4/1982,11/11/2024,Bengaluru,,
C0033,Deepa Mehta,deepa.mehta593@example.com,-7874899502,10/17/1993,4/14/2025,Bengaluru,,
C0034,Neha Shah,neha.shah210@example.com,-9194551089,11/10/1996,10/1/2024,Delhi,,
C0035,Ayaan Menon,ayaan.menon952@example.com,-9463719417,2/3/1993,6/5/2024,Hyderabad,,
C0036,Isha Gupta,isha.gupta519@example.com,-7874899502,5/6/1986,11/26/2024,Bengaluru,,
C0037,Nikhil Banerjee,nikhil.banerjee721@example.com,-7874899502,5/22/1992,7/19/2025,Bengaluru,,
C0038,Reyansh Nair,reyansh.nair271@example.com,-7378223938,10/7/1984,6/16/2025,Pune,,
C0039,Pooja Gupta,pooja.gupta704@example.com,-9078244509,1/3/2004,2/14/2025,Hyderabad,,
C0040,Varun Shah,varun.shah46@example.com,-7011653628,3/24/1983,6/30/2025,Mumbai,,
C0041,Nikhil Banerjee,nikhil.banerjee723@example.com,-7874899502,12/5/2003,6/5/2024,Bengaluru,,
C0042,Isha Verma,isha.verma855@example.com,-8209886259,5/12/1976,3/10/2025,Mumbai,,
C0043,Aditya Pillai,aditya.pillai216@example.com,-7874899502,7/20/1992,5/8/2025,Bengaluru,,
C0044,Rohan Mehta,rohan.mehta886@example.com,-7532433115,7/26/1985,8/26/2025,Mumbai,,
C0045,Anika Shah,anika.shah164@example.com,-7874899502,4/27/1982,12/13/2024,Bengaluru,,
C0046,Ayaan Pillai,ayaan.pillai313@example.com,-7874899502,6/9/1987,9/23/2024,Bengaluru,,
C0047,Arjun Shah,arjun.shah360@example.com,-7874899502,6/1/1992,12/22/2024,Chennai,,
C0048,Krishna Shah,krishna.shah183@example.com,-7874899502,12/26/1986,6/20/2024,Bengaluru,,
C0049,Neha Joshi,neha.joshi621@example.com,-8675825066,12/14/1976,12/15/2024,Pune,,
C0050,Aarav Chatterjee,aarav.chatterjee948@example.com,-7874899502,11/7/1998,5/18/2025,Chennai,,
C0051,Meera Joshi,meera.joshi72@example.com,-9176553188,12/10/1978,4/16/2025,Delhi,,
C0052,Aisha Rao,aisha.rao683@example.com,-7874899502,4/14/1979,12/24/2024,Chennai,,
C0053,Rahul Kaur,rahul.kaur767@example.com,-9958332719,1/10/1992,4/12/2025,Pune,,
C0054,Riya Gupta,riya.gupta441@example.com,-7874899502,8/22/1989,4/7/2025,Chennai,,
C0055,Aadhya Chatterjee,aadhya.chatterjee485@example.com,-7874899502,11/20/1996,5/4/2025,Bengaluru,,
C0056,Pooja Patel,pooja.patel839@example.com,-9461340693,3/1/1981,5/11/2025,Delhi,,
C0057,Aditya Mehta,aditya.mehta487@example.com,-9003019454,4/23/1993,1/20/2025,Hyderabad,,
C0058,Rahul Khan,rahul.khan410@example.com,-7874899502,2/25/1999,5/2/2025,Chennai,,
C0059,Varun Mehta,varun.mehta181@example.com,-7874899502,2/15/2004,1/24/2025,Bengaluru,,
C0060,Ishaan Desai,ishaan.desai684@example.com,-8740483168,8/20/2003,4/1/2025,Delhi,,
