order_id,customer_id,restaurant_id,partner_id,order_datetime,city,promised_minutes,delivered_minutes,order_value,payment_method,status,rating
O000001,C0001,R014,P017,07-01-2025 10:13,Mumbai,33,12,272,Cash on Delivery,Delivered,5
O000002,C0004,R024,P005,29-01-2025 21:14,Mumbai,28,28,214,Cash on Delivery,Delivered,5
O000003,C0004,R055,P056,14-01-2025 22:02,Mumbai,33,40,91,UPI,Delivered,4
O000004,C0004,R059,P005,04-01-2025 09:21,Mumbai,35,,222,Wallet,Cancelled,
O000005,C0014,R035,P096,21-01-2025 12:57,Pune,42,29,399,Debit Card,Delivered,4
O000006,C0020,R055,P038,27-01-2025 12:21,Mumbai,35,36,672,UPI,Delivered,5
O000007,C0025,R019,P019,31-01-2025 14:13,Hyderabad,25,23,337,Wallet,Delivered,5
O000008,C0029,R042,P036,05-01-2025 15:55,Delhi,41,30,177,UPI,Delivered,5
O000009,C0029,R017,P100,22-01-2025 18:38,Delhi,34,31,189,Credit Card,Delivered,5
O000010,C0032,R015,P035,11-01-2025 15:28,Bengaluru,44,41,267,Cash on Delivery,Delivered,5
O000011,C0034,R016,P041,05-01-2025 10:51,Delhi,35,22,251,UPI,Delivered,4
O000012,C0035,R050,P079,14-01-2025 21:11,Hyderabad,42,29,630,Wallet,Delivered,4
O000013,C0036,R015,P106,26-01-2025 10:29,Bengaluru,33,40,800,Debit Card,Delivered,4
O000014,C0045,R015,P112,12-01-2025 13:29,Bengaluru,28,17,324,Debit Card,Delivered,4
O000015,C0046,R006,P085,14-01-2025 12:39,Bengaluru,38,36,688,Credit Card,Delivered,5
O000016,C0047,R018,P101,24-01-2025 10:36,Chennai,37,23,608,Cash on Delivery,Delivered,5
O000017,C0047,R002,P011,25-01-2025 17:24,Chennai,45,34,210,Debit Card,Delivered,5
O000018,C0048,R015,P091,07-01-2025 22:43,Bengaluru,25,19,1103,Credit Card,Delivered,5
O000019,C0048,R001,P001,28-01-2025 14:03,Bengaluru,43,41,962,Cash on Delivery,Delivered,5
O000020,C0049,R038,P090,05-01-2025 22:35,Pune,29,23,585,UPI,Delivered,5
O000021,C0052,R051,P086,22-01-2025 22:08,Chennai,39,41,388,Wallet,Delivered,5
O000022,C0052,R030,P077,28-01-2025 11:15,Chennai,28,29,452,UPI,Delivered,4
O000023,C0052,R030,P086,05-01-2025 11:46,Chennai,27,23,540,Debit Card,Delivered,5
O000024,C0057,R040,P070,15-01-2025 14:57,Hyderabad,44,33,270,Cash on Delivery,Delivered,4
O000025,C0059,R015,P113,19-01-2025 21:36,Bengaluru,33,36,434,UPI,Delivered,5
O000026,C0059,R006,P106,20-01-2025 21:58,Bengaluru,40,55,976,UPI,Delivered,4
O000027,C0061,R048,P078,05-01-2025 21:59,Mumbai,43,47,646,UPI,Delivered,4
O000028,C0065,R047,P030,16-01-2025 14:30,Hyderabad,38,25,379,Wallet,Delivered,4
O000029,C0069,R055,P067,17-01-2025 09:02,Mumbai,28,32,245,Credit Card,Delivered,4
O000030,C0071,R034,P005,11-01-2025 09:44,Mumbai,36,39,670,Credit Card,Delivered,5
O000031,C0072,R033,P116,02-01-2025 21:42,Hyderabad,45,29,541,Debit Card,Delivered,4
O000032,C0072,R046,P031,10-01-2025 12:42,Hyderabad,26,17,239,UPI,Delivered,5
O000033,C0074,R025,P087,06-01-2025 12:04,Pune,42,43,228,Debit Card,Delivered,4
O000034,C0074,R031,P096,04-01-2025 13:04,Pune,45,32,229,Wallet,Delivered,5
O000035,C0074,R039,P119,09-01-2025 20:44,Pune,40,35,504,UPI,Delivered,4
O000036,C0078,R004,P080,31-01-2025 10:52,Delhi,45,34,447,Debit Card,Delivered,5
O000037,C0080,R009,P087,25-01-2025 14:41,Pune,40,47,941,Credit Card,Delivered,4
O000038,C0082,R055,P064,08-01-2025 13:24,Mumbai,35,53,721,UPI,Delivered,3
O000039,C0082,R055,P105,13-01-2025 19:13,Mumbai,29,25,518,Credit Card,Delivered,5
O000040,C0082,R015,P117,23-01-2025 22:08,Bengaluru,43,43,139,UPI,Delivered,4
O000041,C0082,R014,P056,16-01-2025 21:51,Mumbai,43,,534,Credit Card,Cancelled,
O000042,C0083,R043,P026,11-01-2025 14:07,Hyderabad,45,42,270,UPI,Delivered,4
O000043,C0083,R014,P064,29-01-2025 13:05,Mumbai,41,51,271,Cash on Delivery,Delivered,4
O000044,C0084,R030,P071,31-01-2025 14:40,Chennai,28,16,234,Cash on Delivery,Delivered,4
O000045,C0085,R029,P012,21-01-2025 09:13,Chennai,30,12,109,Wallet,Delivered,5
O000046,C0086,R053,P009,29-01-2025 15:29,Delhi,39,25,1191,Credit Card,Delivered,5
O000047,C0086,R004,P074,24-01-2025 09:57,Delhi,38,36,136,Wallet,Delivered,5
O000048,C0087,R045,P013,07-01-2025 21:29,Chennai,29,16,356,Debit Card,Delivered,5
O000049,C0088,R016,P063,15-01-2025 22:10,Delhi,41,32,1186,Debit Card,Delivered,4
O000050,C0088,R016,P052,01-01-2025 11:27,Delhi,29,28,461,Wallet,Delivered,4
O000051,C0088,R042,P009,02-01-2025 13:30,Delhi,28,18,621,Wallet,Delivered,5
O000052,C0091,R036,P026,21-01-2025 14:01,Hyderabad,30,29,1165,Wallet,Delivered,5
O000053,C0095,R009,P061,13-01-2025 23:44,Pune,35,,1119,Debit Card,Cancelled,
O000054,C0095,R052,P007,29-01-2025 13:07,Pune,42,38,964,Debit Card,Delivered,5
O000055,C0097,R025,P053,16-01-2025 11:48,Pune,26,12,307,UPI,Delivered,5
O000056,C0102,R008,P027,22-01-2025 10:51,Hyderabad,27,21,386,Credit Card,Delivered,5
O000057,C0109,R046,P002,18-01-2025 20:30,Hyderabad,41,33,888,Debit Card,Delivered,4
O000058,C0109,R047,P079,16-01-2025 20:42,Hyderabad,33,16,977,Debit Card,Delivered,5
O000059,C0109,R036,P079,25-01-2025 18:03,Hyderabad,42,20,672,Credit Card,Delivered,4
O000060,C0109,R040,P115,06-01-2025 12:07,Hyderabad,30,30,229,Debit Card,Delivered,4
O000061,C0112,R001,P073,06-01-2025 19:19,Bengaluru,42,51,617,Debit Card,Delivered,4
O000062,C0121,R005,P020,11-01-2025 10:07,Hyderabad,36,28,814,Credit Card,Delivered,5
O000063,C0121,R036,P027,19-01-2025 14:14,Hyderabad,39,,332,Wallet,Cancelled,
O000064,C0121,R047,P010,07-01-2025 13:20,Hyderabad,25,13,1281,Wallet,Delivered,5
O000065,C0128,R017,P041,15-01-2025 11:26,Delhi,34,,798,UPI,Refunded,
O000066,C0128,R004,P093,30-01-2025 20:48,Delhi,29,27,589,Debit Card,Delivered,4
O000067,C0129,R057,P089,27-01-2025 14:53,Bengaluru,45,53,399,Wallet,Delivered,4
O000068,C0131,R036,P084,21-01-2025 12:01,Hyderabad,43,40,448,Debit Card,Delivered,5
O000069,C0131,R008,P055,21-01-2025 09:30,Hyderabad,29,12,909,Debit Card,Delivered,4
O000070,C0131,R008,P102,02-01-2025 14:18,Hyderabad,44,32,1046,Debit Card,Delivered,5
O000071,C0136,R038,P034,23-01-2025 20:06,Pune,36,,226,Credit Card,Cancelled,
O000072,C0136,R025,P110,04-01-2025 22:09,Pune,25,12,1200,Debit Card,Delivered,5
O000073,C0137,R023,P061,20-01-2025 14:48,Pune,29,22,340,Wallet,Delivered,4
O000074,C0144,R012,P016,25-01-2025 22:02,Mumbai,25,21,376,Cash on Delivery,Delivered,4
O000075,C0144,R034,P005,07-01-2025 20:57,Mumbai,33,40,512,Cash on Delivery,Delivered,4
O000076,C0145,R056,P033,04-01-2025 17:37,Chennai,28,,1434,Cash on Delivery,Cancelled,
O000077,C0145,R026,P086,28-01-2025 10:30,Chennai,38,47,1442,Credit Card,Delivered,4
O000078,C0146,R044,P085,10-01-2025 19:46,Bengaluru,44,50,167,Wallet,Delivered,4
O000079,C0147,R054,P071,28-01-2025 22:12,Chennai,40,24,897,UPI,Delivered,4
O000080,C0148,R016,P023,19-01-2025 19:47,Delhi,37,31,665,Wallet,Delivered,4
O000081,C0152,R051,P071,19-01-2025 20:17,Chennai,29,16,729,Credit Card,Delivered,5
O000082,C0152,R018,P094,01-01-2025 19:47,Chennai,44,46,425,Cash on Delivery,Delivered,5
O000083,C0156,R047,P103,16-01-2025 14:16,Hyderabad,28,27,1191,UPI,Delivered,5
O000084,C0156,R036,P026,06-01-2025 19:42,Hyderabad,28,29,514,Cash on Delivery,Delivered,5
O000085,C0159,R015,P085,28-01-2025 21:32,Bengaluru,36,28,567,Debit Card,Delivered,4
O000086,C0161,R033,P030,14-01-2025 20:03,Hyderabad,25,24,566,Wallet,Delivered,5
O000087,C0161,R005,P084,19-01-2025 14:57,Hyderabad,40,48,973,Debit Card,Delivered,4
O000088,C0161,R043,P027,06-01-2025 21:19,Hyderabad,43,46,223,UPI,Delivered,5
O000089,C0161,R040,P031,23-01-2025 18:37,Hyderabad,40,26,100,Cash on Delivery,Delivered,4
O000090,C0164,R055,P105,07-01-2025 22:25,Mumbai,40,39,399,Wallet,Delivered,4
O000091,C0164,R037,P016,09-01-2025 22:34,Mumbai,34,36,667,Credit Card,Delivered,4
O000092,C0167,R021,P052,06-01-2025 13:43,Delhi,32,32,255,Wallet,Delivered,5
O000093,C0174,R012,P062,02-01-2025 22:10,Mumbai,40,54,536,Debit Card,Delivered,4
O000094,C0174,R034,P017,28-01-2025 14:57,Mumbai,28,24,836,Cash on Delivery,Delivered,4
O000095,C0176,R044,P058,08-01-2025 21:07,Bengaluru,33,30,684,Debit Card,Delivered,5
O000096,C0176,R057,P106,23-01-2025 19:20,Bengaluru,29,39,316,Debit Card,Delivered,4
O000097,C0176,R001,P108,01-01-2025 22:57,Bengaluru,28,22,655,Wallet,Delivered,5
O000098,C0181,R016,P100,25-01-2025 12:19,Delhi,40,34,604,Debit Card,Delivered,5
O000099,C0181,R004,P041,23-01-2025 22:56,Delhi,35,29,414,Wallet,Delivered,4
O000100,C0181,R028,P066,26-01-2025 22:08,Mumbai,45,58,407,Wallet,Delivered,4
O000101,C0183,R050,P045,24-01-2025 20:16,Hyderabad,37,38,238,Cash on Delivery,Delivered,4
O000102,C0185,R016,P009,15-01-2025 22:16,Delhi,36,26,372,UPI,Delivered,5
O000103,C0185,R021,P107,23-01-2025 14:27,Delhi,31,34,510,Wallet,Delivered,4
O000104,C0185,R016,P063,05-01-2025 22:54,Delhi,33,37,414,Credit Card,Delivered,4
O000105,C0191,R043,P027,05-01-2025 18:20,Hyderabad,26,17,367,Cash on Delivery,Delivered,4
O000106,C0194,R026,P098,13-01-2025 14:25,Chennai,30,25,185,Wallet,Delivered,4
O000107,C0194,R051,P013,05-01-2025 14:20,Chennai,33,23,153,Cash on Delivery,Delivered,4
O000108,C0198,R006,P089,06-01-2025 19:47,Bengaluru,33,27,720,UPI,Delivered,5
O000109,C0201,R018,P013,23-01-2025 19:31,Chennai,34,26,308,Cash on Delivery,Delivered,5
O000110,C0204,R021,P023,01-01-2025 14:49,Delhi,35,36,141,UPI,Delivered,4
O000111,C0204,R004,P074,13-01-2025 20:37,Delhi,40,29,136,UPI,Delivered,5
O000112,C0204,R053,P036,21-01-2025 21:28,Delhi,34,43,676,UPI,Delivered,4
O000113,C0204,R017,P041,18-01-2025 21:24,Delhi,31,30,155,Credit Card,Delivered,4
O000114,C0205,R053,P036,14-01-2025 11:51,Delhi,37,44,737,Wallet,Delivered,4
O000115,C0206,R037,P017,12-01-2025 21:11,Mumbai,39,33,289,Cash on Delivery,Delivered,4
O000116,C0209,R032,P034,14-01-2025 14:58,Pune,41,27,610,Cash on Delivery,Delivered,5
O000117,C0211,R046,P115,04-01-2025 14:27,Hyderabad,25,17,423,Wallet,Delivered,5
O000118,C0212,R052,P096,23-01-2025 14:20,Pune,33,28,1746,Cash on Delivery,Delivered,5
O000119,C0214,R037,P120,01-01-2025 21:41,Mumbai,37,51,793,UPI,Delivered,4
O000120,C0216,R049,P117,16-01-2025 22:09,Bengaluru,25,22,838,Wallet,Delivered,4
O000121,C0218,R021,P009,19-01-2025 12:12,Delhi,38,36,731,Debit Card,Delivered,5
O000122,C0218,R042,P107,02-01-2025 13:25,Delhi,38,26,177,Debit Card,Delivered,5
O000123,C0218,R004,P107,29-01-2025 22:26,Delhi,40,33,603,Debit Card,Delivered,4
O000124,C0223,R049,P117,29-01-2025 14:46,Bengaluru,40,43,1119,Cash on Delivery,Delivered,5
O000125,C0224,R047,P010,31-01-2025 13:19,Hyderabad,36,34,688,UPI,Delivered,5
O000126,C0224,R008,P103,11-01-2025 22:07,Hyderabad,35,34,272,Cash on Delivery,Delivered,4
O000127,C0225,R014,P016,23-01-2025 18:32,Mumbai,44,40,712,UPI,Delivered,5
O000128,C0227,R052,P104,07-01-2025 20:10,Pune,29,18,667,Wallet,Delivered,5
O000129,C0231,R008,P031,16-01-2025 19:18,Hyderabad,41,34,523,Wallet,Delivered,5
O000130,C0231,R040,P002,29-01-2025 12:54,Hyderabad,27,24,1344,Credit Card,Delivered,5
O000131,C0231,R019,P115,14-01-2025 13:25,Hyderabad,38,19,612,Debit Card,Delivered,5
O000132,C0233,R039,P096,17-01-2025 21:58,Pune,31,26,778,Cash on Delivery,Delivered,5
O000133,C0234,R015,P039,24-01-2025 23:08,Bengaluru,41,39,163,Cash on Delivery,Delivered,4
O000134,C0234,R015,P111,19-01-2025 13:15,Bengaluru,33,30,546,UPI,Delivered,5
O000135,C0243,R027,P081,01-01-2025 12:21,Pune,32,27,674,Wallet,Delivered,4
O000136,C0243,R041,P021,04-01-2025 20:45,Pune,29,34,232,Debit Card,Delivered,4
O000137,C0251,R021,P100,28-01-2025 13:37,Delhi,29,29,793,Wallet,Delivered,4
O000138,C0251,R042,P080,16-01-2025 13:47,Delhi,28,21,582,UPI,Delivered,5
O000139,C0258,R022,P034,12-01-2025 14:18,Pune,40,39,1414,Wallet,Delivered,5
O000140,C0262,R059,P029,26-01-2025 21:30,Mumbai,39,50,186,Debit Card,Delivered,4
O000141,C0262,R037,P069,03-01-2025 16:39,Mumbai,26,35,158,Credit Card,Delivered,4
O000142,C0262,R028,P025,23-01-2025 12:36,Mumbai,43,49,440,Cash on Delivery,Delivered,4
O000143,C0264,R024,P105,06-01-2025 12:17,Mumbai,37,,260,Debit Card,Cancelled,
O000144,C0264,R045,P072,14-01-2025 21:26,Chennai,34,30,572,UPI,Delivered,5
O000145,C0264,R012,P066,05-01-2025 14:26,Mumbai,34,44,380,Wallet,Delivered,4
O000146,C0267,R056,P072,20-01-2025 20:15,Chennai,39,41,55,UPI,Delivered,5
O000147,C0272,R029,P098,09-01-2025 19:37,Chennai,31,24,531,Credit Card,Delivered,5
O000148,C0272,R002,P004,18-01-2025 22:58,Chennai,26,,260,Wallet,Cancelled,
O000149,C0272,R051,P071,09-01-2025 21:16,Chennai,27,12,258,Debit Card,Delivered,5
O000150,C0275,R034,P062,26-01-2025 19:56,Mumbai,44,59,585,Credit Card,Delivered,3
O000151,C0275,R012,P038,21-01-2025 12:38,Mumbai,45,43,702,Wallet,Delivered,4
O000152,C0277,R053,P006,27-01-2025 21:22,Delhi,31,35,162,UPI,Delivered,5
O000153,C0277,R017,P051,25-01-2025 13:43,Delhi,32,35,299,Cash on Delivery,Delivered,5
O000154,C0277,R053,P082,07-01-2025 12:12,Delhi,40,44,399,Cash on Delivery,Delivered,5
O000155,C0281,R028,P057,19-01-2025 20:47,Mumbai,44,44,342,UPI,Delivered,4
O000156,C0285,R052,P099,14-01-2025 13:07,Pune,33,36,830,Debit Card,Delivered,4
O000157,C0285,R007,P053,01-01-2025 21:12,Pune,45,37,870,Debit Card,Delivered,5
O000158,C0285,R027,P075,27-01-2025 13:15,Pune,32,,208,Cash on Delivery,Cancelled,
O000159,C0294,R035,P021,03-01-2025 13:58,Pune,39,47,398,UPI,Delivered,4
O000160,C0294,R039,P022,18-01-2025 13:18,Pune,39,38,778,Cash on Delivery,Delivered,4
O000161,C0296,R034,P056,22-01-2025 16:01,Mumbai,27,19,200,Cash on Delivery,Delivered,5
O000162,C0296,R059,P105,09-01-2025 20:26,Mumbai,26,18,222,Wallet,Delivered,5
O000163,C0300,R015,P092,18-01-2025 15:09,Bengaluru,29,28,964,Wallet,Delivered,4
O000164,C0300,R011,P113,12-01-2025 22:12,Bengaluru,40,45,439,Cash on Delivery,Delivered,4
O000165,C0306,R004,P107,11-01-2025 21:06,Delhi,32,23,136,Debit Card,Delivered,4
O000166,C0316,R004,P024,27-01-2025 12:23,Delhi,45,51,57,UPI,Delivered,4
O000167,C0318,R035,P110,08-01-2025 23:16,Pune,30,21,269,Wallet,Delivered,4
O000168,C0325,R020,P078,15-01-2025 12:23,Mumbai,42,37,355,Cash on Delivery,Delivered,5
O000169,C0336,R012,P062,10-01-2025 16:09,Mumbai,40,48,774,UPI,Delivered,4
O000170,C0336,R055,P067,06-01-2025 14:24,Mumbai,41,53,452,Wallet,Delivered,4
O000171,C0336,R059,P016,16-01-2025 13:37,Mumbai,39,42,444,Cash on Delivery,Delivered,4
O000172,C0337,R018,P047,09-01-2025 19:05,Chennai,41,37,491,Wallet,Delivered,5
O000173,C0337,R045,P043,14-01-2025 22:23,Chennai,27,26,238,UPI,Delivered,5
O000174,C0337,R018,P011,26-01-2025 13:59,Chennai,33,26,308,Debit Card,Delivered,4
O000175,C0341,R015,P001,05-01-2025 18:48,Bengaluru,37,36,697,Credit Card,Delivered,4
O000176,C0341,R011,P085,28-01-2025 21:14,Bengaluru,42,31,187,Wallet,Delivered,4
O000177,C0342,R037,P056,28-01-2025 22:27,Mumbai,29,32,375,Debit Card,Delivered,4
O000178,C0343,R056,P047,22-01-2025 15:25,Chennai,29,31,510,Debit Card,Delivered,4
O000179,C0360,R013,P075,03-01-2025 19:24,Pune,44,29,576,Debit Card,Delivered,4
O000180,C0360,R010,P096,07-01-2025 12:18,Pune,30,21,265,Wallet,Delivered,4
O000181,C0360,R058,P021,06-01-2025 19:08,Pune,40,45,690,Wallet,Delivered,5
O000182,C0363,R042,P052,05-01-2025 12:04,Delhi,45,55,585,Debit Card,Delivered,4
O000183,C0370,R026,P101,14-01-2025 12:24,Chennai,26,24,321,Debit Card,Delivered,4
O000184,C0370,R029,P094,22-01-2025 14:44,Chennai,28,42,601,Wallet,Delivered,4
O000185,C0371,R039,P075,17-01-2025 13:29,Pune,29,13,916,Cash on Delivery,Delivered,5
O000186,C0372,R020,P038,15-01-2025 20:30,Mumbai,34,43,31,Credit Card,Delivered,4
O000187,C0372,R019,P079,03-01-2025 09:48,Hyderabad,42,25,710,UPI,Delivered,4
O000188,C0375,R033,P030,01-01-2025 13:49,Hyderabad,25,25,377,UPI,Delivered,5
O000189,C0376,R019,P010,26-01-2025 17:53,Hyderabad,45,40,501,UPI,Delivered,4
O000190,C0376,R019,P002,08-01-2025 22:06,Hyderabad,27,25,381,Cash on Delivery,Delivered,5
O000191,C0376,R043,P042,12-01-2025 13:04,Hyderabad,30,29,617,Wallet,Delivered,4
O000192,C0386,R052,P087,16-01-2025 14:21,Pune,32,35,1220,Cash on Delivery,Delivered,4
O000193,C0386,R030,P033,03-01-2025 13:08,Chennai,26,,127,Wallet,Refunded,
O000194,C0386,R045,P008,24-01-2025 23:21,Chennai,31,30,390,Credit Card,Delivered,4
O000195,C0388,R052,P003,28-01-2025 21:33,Pune,31,,175,Credit Card,Cancelled,
O000196,C0391,R047,P014,27-01-2025 16:59,Hyderabad,38,33,540,Debit Card,Delivered,5
O000197,C0391,R046,P014,19-01-2025 12:40,Hyderabad,41,33,551,Wallet,Delivered,4
O000198,C0392,R032,P110,28-01-2025 14:48,Pune,33,21,352,Debit Card,Delivered,5
O000199,C0394,R029,P004,05-01-2025 10:30,Chennai,36,,334,Debit Card,Cancelled,
O000200,C0398,R018,P072,19-01-2025 14:26,Chennai,36,36,1188,Debit Card,Delivered,5
